Name,Age,Gender,Salary,Joining_Date,Department,Experience
John Doe,29,Male,50000.0,2020-06-15,Finance,5
Mike Brown,40,Male,80000.0,2021-08-10,Finance,10
Linda Jones,35,Female,70000.0,2018-05-25,Human Resources,8
Chris Evans,33,Male,75000.0,2021-03-05,Marketing,7
Nancy Green,45,Female,85000.0,2016-11-30,Human Resources,11
Emma White,28,Female,62000.0,2021-07-22,Finance,4
James Black,41,Male,78000.0,2015-09-30,Information Technology,15
Olivia Brown,32,Female,67000.0,2020-11-15,Marketing,7
Ethan Harris,37,Male,73000.0,2018-04-10,Human Resources,9
Mia Thompson,36,Female,71000.0,2019-06-20,Finance,8
William Scott,44,Male,82000.0,2017-08-25,Marketing,12
Charlotte Young,30,Female,69000.0,2022-05-14,Information Technology,5
Liam Walker,27,Male,60000.0,2020-12-05,Human Resources,3
Sophia King,33,Female,74000.0,2016-07-19,Finance,10
Michael Hall,39,Male,79000.0,2019-09-10,Marketing,11
Emily Allen,29,Female,65000.0,2021-01-22,Information Technology,6
Daniel Wright,42,Male,83000.0,2017-03-27,Finance,14
Isabella Lewis,31,Female,71000.0,2018-10-15,Human Resources,7
Alexander Harris,35,Male,76000.0,2019-12-01,Marketing,9
Amelia Adams,38,Female,78000.0,2016-05-10,Finance,12
Benjamin Nelson,34,Male,72000.0,2021-06-18,Information Technology,8
Charlotte Carter,26,Female,61000.0,2020-02-20,Human Resources,4
Henry Robinson,40,Male,85000.0,2015-11-29,Finance,15
Evelyn Moore,45,Female,86000.0,2014-08-30,Marketing,16
Lucas Perez,50,Male,90000.0,2013-06-10,Information Technology,20
Scarlett Sanchez,29,Female,64000.0,2019-05-17,Human Resources,5
Jack Mitchell,33,Male,73000.0,2020-08-14,Finance,7
Harper Cox,35,Female,75000.0,2018-02-10,Marketing,9
Ethan Foster,41,Male,81000.0,2017-04-23,Information Technology,14
Ava Baker,37,Female,78000.0,2016-07-12,Finance,11
Logan Reed,32,Male,74000.0,2022-10-08,Human Resources,6
Madison Bell,28,Female,66000.0,2019-11-20,Marketing,4
Joseph Murphy,45,Male,88000.0,2015-12-30,Finance,18
Grace Rivera,50,Female,92000.0,2013-01-15,Information Technology,22
Matthew Cooper,48,Male,89000.0,2014-06-25,Human Resources,20
Abigail Morgan,29,Female,67000.0,2021-09-10,Finance,5
Dylan Howard,38,Male,79000.0,2019-04-18,Marketing,12
Zoey Ramirez,31,Female,73000.0,2017-11-08,Information Technology,9
Elijah Bailey,34,Male,76000.0,2016-09-15,Human Resources,10
Natalie Garcia,36,Female,78000.0,2020-07-14,Finance,9
David Lopez,41,Male,82000.0,2015-05-30,Marketing,14
Lily Martinez,30,Female,72000.0,2018-01-23,Information Technology,7
Samuel Scott,45,Male,87000.0,2014-12-14,Finance,16
Hannah Green,50,Female,94000.0,2012-06-05,Human Resources,25
Carter Adams,39,Male,81000.0,2016-03-22,Marketing,13
